Area_code,Area_name,Patient count,CV_AF,CV_CHD,CV_CVD,CV_HF,CV_LVSD,CV_HYP,CV_PAD,CV_STIA,Resp_AST,Resp_COPD,LS_OB,HD_CAN,HD_CKD,HD_DM,HD_PC,Neu_DEM,Neu_DEP,Neu_EP,Neu_LD,Neu_MH,MS_OST,MS_RA
,England,"58,383,266",0.01907315,0.03129924,0.01144041,0.00831678,#N/A,0.13944900,0.005896261,0.017656926,0.059330237,0.019070824,0.097557185,0.027290388,0.04108139,0.067912873,0.003856687,0.007648561,0.098822633,0.007993193,0.004871636,0.009436231,0.006223679,0.007475624
E40000001,NORTH OF ENGLAND,"16,386,337",0.02035293,0.03730156,0.01187526,0.00980884,#N/A,0.14713819,0.007918243,0.020056587,0.064050129,0.024722182,0.113739265,0.028291192,0.044724437,0.071067223,0.004541894,0.008283486,0.110800685,0.009236117,0.005495676,0.009858335,0.006036295,0.007939492
E40000002,MIDLANDS AND EAST OF ENGLAND,"17,801,732",0.01966224,0.03207283,0.01171018,0.00856883,#N/A,0.14547332,0.005539573,0.018041222,0.061163711,0.01883929,0.102153994,0.028018678,0.044334395,0.070853831,0.004442601,0.007866594,0.100662313,0.008238716,0.005105177,0.008713029,0.005935576,0.007994914
E40000003,LONDON,"9,783,727",0.01079057,0.01968340,0.01030748,0.00527703,#N/A,0.11032963,0.003330735,0.01056213,0.045208947,0.011442776,0.077340732,0.018459223,0.024248423,0.065140354,0.002523374,0.005016084,0.071138885,0.005531552,0.003592292,0.011147592,0.003996371,0.005411397
E40000006,SOUTH WEST,"5,753,309",0.02460428,0.03528960,0.01122435,0.00961794,#N/A,0.14860353,0.006586992,0.021702467,0.065775539,0.019925577,0.093495001,0.032904195,0.050502998,0.065002042,0.003256735,0.008823444,0.101382943,0.008496477,0.005221343,0.008844475,0.008507357,0.008271448
E40000005,SOUTH EAST,"8,658,161",0.02112377,0.02882310,0.01149560,0.00754502,#N/A,0.13933190,0.005242915,0.017654095,0.058301873,0.016902897,0.082973308,0.030147742,0.040082467,0.061005543,0.003260508,0.008192617,0.101750513,0.007563581,0.004423688,0.008583693,0.007263433,0.007313582
